processors,readin,mapping,converting,changetypes,GroupByArtist,GroupByYear,Analysis
1,18.611465722322464,4.8294657887890935,5.657551812939346,5.657551812939346,0.077940559014678,0.012742749880999327,945.1060984092765
1,28.183149957098067,4.863955448381603,0.611972683109343,0.611972683109343,0.01717915665358305,0.008714288007467985,942.7929713148624
